body,step,x_m,y_m
Sun,0,0.0,0.0
Sun,1,0.4673129281659206,0.0
Sun,2,1.8692507508307656,0.001340095780783331
Sun,3,4.205810582497897,0.00536038036066397
Sun,4,7.4769876140132965,0.013400941233018621
Sun,5,11.682775112576133,0.026801857603821658
Sun,6,16.823164421753553,0.04690319762918438
Sun,7,22.898144961499707,0.0750450156529
Sun,8,29.90770422817898,0.11256734944399602
Sun,9,37.85182779459346,0.16081021743429516
Sun,10,46.73049931001462,0.22111361595598675
Sun,11,56.54370050021922,0.2948175164792099
Sun,12,67.29141116752942,0.3832618628496503
Sun,13,78.9736091908571,0.487786568526152
Sun,14,91.59027052575246,0.6097315138183461
Sun,15,105.14136920445664,0.7504365431242983
Sun,16,119.6268773359588,0.9112414621681764
Sun,17,135.0467651060572,1.0934860352379407
Sun,18,151.4010007774245,1.2985099824230586
Sun,19,168.68955068967745,1.5276529768522449
Sun,20,186.9123792594504,1.7822546419312317
Sun,21,206.06944898047337,2.063654548580568
Sun,22,226.160720423654,2.3731922124734535
Sun,23,247.18615223716392,2.712207091273604
Sun,24,269.14570114652906,3.082038581873161
Sun,25,292.0393219547243,3.4840260176306357
Sun,26,315.86696754227216,3.919508665608898
Sun,27,340.6285888673457,4.389825723813213
Sun,28,366.3241349658754,4.896316318429323
Sun,29,392.9535529516606,5.440319501061581
Sun,30,420.5167880164845,6.023174245971146
Sun,31,449.01378343023373,6.646219447314222
Sun,32,478.4444805410219,7.3107939163803755
Sun,33,508.80881877531704,8.018236378830899
Sun,34,540.1067356380735,8.769885471937261
Sun,35,572.3381667128676,9.567079741819612
Sun,36,605.5030456620381,10.411157640685374
Sun,37,639.6013042268291,11.303457524067912
Sun,38,674.6328722275393,12.24531764806528
Sun,39,710.5976775636734,13.238076166579058
Sun,40,747.4956462140984,14.28307112855329
Sun,41,785.3267022372041,15.381640475213505
Sun,42,824.0907677710671,16.53512203730584
Sun,43,863.7877630336192,17.744853532336283
Sun,44,904.4176063228196,19.012172561810004
Sun,45,945.9802140168315,20.338416608470826
Sun,46,988.4755005742024,21.724923033540787
Sun,47,1031.9033785340484,23.17302907395985
Sun,48,1076.2637585162424,24.684071839625744
Sun,49,1121.5565492216065,26.259388310633927
Sun,50,1167.7816574321084,27.900315334517693
Sun,51,1214.938988011062,29.608189623488432
Sun,52,1263.0284439033312,31.384347751676053
Sun,53,1312.0499261355378,33.230126152369536
Sun,54,1362.0033338162746,35.14686111525768
Sun,55,1412.8885641363204,37.13588878367001
Sun,56,1464.7055123688608,39.198545151817854
Sun,57,1517.454071869712,41.33616606203561
Sun,58,1571.1341340775477,43.55008720202221
Sun,59,1625.7455885141326,45.84164410208278
Sun,60,1681.2883227845564,48.21217213237048
Sun,61,1737.7622225774742,50.66300650012861
Sun,62,1795.1671716653495,53.195482246932855
Sun,63,1853.503051904702,55.81093424593383
Sun,64,1912.7697432363582,58.51069719909981
Sun,65,1972.9671236857064,61.29610563445973
Sun,66,2034.095069362956,64.1684939033464
Sun,67,2096.1534544634005,67.12919617764001
Sun,68,2159.1421512676825,70.17954644701186
Sun,69,2223.0610301420656,73.32087851616839
Sun,70,2287.909959538709,76.55452600209551
Sun,71,2353.688805995943,79.88182233130313
Sun,72,2420.3974341385533,83.30410073707004
Sun,73,2488.0357066780666,86.82269425668918
Sun,74,2556.6034844130386,90.438935728713
Sun,75,2626.1006262293477,94.15415779019942
Sun,76,2696.5269891004928,97.96969287395784
Sun,77,2767.8824280878935,101.88687320579568
Sun,78,2840.166796341195,105.90703080176522
Sun,79,2913.379945098576,110.03149746541071
Sun,80,2987.5217236870612,114.261604785016
Sun,81,3062.591979522837,118.5986841308524
Sun,82,3138.5905581115717,123.04406665242699
Sun,83,3215.517303048738,127.59908327573126
Sun,84,3293.3720560199417,132.26506470049029
Sun,85,3372.1546568012504,137.04334139741215
Sun,86,3451.8649432595303,141.93524360543788
Sun,87,3532.502751352783,146.9421013289918
Sun,88,3614.0679151304894,152.0652443352323
Sun,89,3696.5602667339535,157.3060021513031
Sun,90,3779.9796363966534,162.66570406158482
Sun,91,3864.325852444594,168.14567910494733
Sun,92,3949.598741296665,173.7472560720022
Sun,93,4035.798127465001,179.47176350235588
Sun,94,4122.923833555345,185.32052968186338
Sun,95,4210.975680267417,191.2948826398823
Sun,96,4299.95348639529,197.39615014652753
Sun,97,4389.85706882776,203.6256597099264
Sun,98,4480.686242548725,209.98473857347437
Sun,99,4572.4408206375765,216.47471371309135
Sun,100,4665.1206142695755,223.0969118344784
Sun,101,4758.72543271625,229.85265937037525
Sun,102,4853.255083345787,236.74328247781818
Sun,103,4948.709371623431,243.7701070353986
Sun,104,5045.088101111885,250.93445864052222
Sun,105,5142.3910734717165,258.2376626066688
Sun,106,5240.618088461766,265.6810439606525
Sun,107,5339.768943939561,273.2659274398831
Sun,108,5439.84343586173,280.99363748962736
Sun,109,5540.841358284426,288.8654982602716
Sun,110,5642.762503363749,296.8828336045845
Sun,111,5745.6066613561725,305.046967074981
Sun,112,5849.373620618978,313.35922192078635
Sun,113,5954.063167610686,321.8209210855014
Sun,114,6059.675086891499,330.43338720406837
Sun,115,6166.209161123741,339.19794260013697
Sun,116,6273.665171072308,348.11590928333203
Sun,117,6382.042895605113,357.18860894652124
Sun,118,6491.342111693542,366.4173629630838
Sun,119,6601.562594412915,375.80349238418006
Sun,120,6712.704116942942,385.3483179360215
Sun,121,6824.766450568191,395.0531600171418
Sun,122,6937.749364678559,404.9193386956689
Sun,123,7051.652626769739,414.9481737065972
Sun,124,7166.476002443704,425.1409844490611
Sun,125,7282.21925540918,435.49908998360945
Sun,126,7398.882147482135,446.0238090294804
Sun,127,7516.464438586267,456.7164599618772
Sun,128,7634.965886753492,467.5783608092452
Sun,129,7754.386248124443,478.6108292505494
Sun,130,7874.72527694897,489.81518261255275
Sun,131,7995.9827255866385,501.19273786709573
Sun,132,8118.158344507243,512.7448116283765
Sun,133,8241.251882291312,524.4727201502321
Sun,134,8365.263085630628,536.3777793234206
Sun,135,8490.191699328743,548.4613046729036
Sun,136,8616.037466301503,560.7246113551307
Sun,137,8742.80012757757,573.1690141553241
Sun,138,8870.47942229896,585.7958274847643
Sun,139,8999.075087721572,598.6063653780769
Sun,140,9128.586859215726,611.6019414905203
Sun,141,9259.014470266708,624.7838690952741
Sun,142,9390.357652475313,638.153461080729
Sun,143,9522.6161355584,651.7120299477772
Sun,144,9655.78964734944,665.460887807104
Sun,145,9789.877913799075,679.4013463764804
Sun,146,9924.880658975684,693.5347169780566
Sun,147,10060.797605065947,707.8623105356565
Sun,148,10197.628472375412,722.3854375720734
Sun,149,10335.372979329073,737.1054082063665
Sun,150,10474.030842471942,752.0235321511584
Sun,151,10613.60177646964,767.141118709934
Sun,152,10754.085494108976,782.4594767743396
Sun,153,10895.481706298538,797.9799148214842
Sun,154,11037.79012206929,813.7037409112409
Sun,155,11181.010448575164,829.6322626835497
Sun,156,11325.142391093668,845.7667873557215
Sun,157,11470.185653026492,862.1086217197425
Sun,158,11616.139935900115,878.6590721395805
Sun,159,11763.00493936642,895.4194445484918
Sun,160,11910.780361203313,912.3910444463291
Sun,161,12059.465897315347,929.5751768968508
Sun,162,12209.06124173435,946.9731465250309
Sun,163,12359.566086620047,964.5862575143701
Sun,164,12510.980122260706,982.4158136042088
Sun,165,12663.303037073769,1000.4631180870393
Sun,166,12816.534517606502,1018.7294738058215
Sun,167,12970.674248536634,1037.2161831512972
Sun,168,13125.721912673016,1055.9245480593074
Sun,169,13281.677190956272,1074.8558700081096
Sun,170,13438.539762459459,1094.0114500156967
Sun,171,13596.309304388733,1113.3925886371167
Sun,172,13754.985492084015,1133.0005859617934
Sun,173,13914.567999019664,1152.8367416108483
Sun,174,14075.056496805151,1172.9023547344239
Sun,175,14236.450655185747,1193.1987240090073
Sun,176,14398.750142043195,1213.727147634756
Sun,177,14561.954623396408,1234.488923332823
Sun,178,14726.063763402162,1255.4853483426853
Sun,179,14891.07722435579,1276.7177194194712
Sun,180,15056.994666691877,1298.1873328312904
Sun,181,15223.81574898498,1319.895484356564
Sun,182,15391.540127950326,1341.8434692813566
Sun,183,15560.167458444526,1364.032582396708
Sun,184,15729.6973934663,1386.4641179959674
Sun,185,15900.129584157192,1409.1393698721283
Sun,186,16071.463679802298,1432.059631315164
Sun,187,16243.699327830998,1455.2261951093644
Sun,188,16416.836173817686,1478.6403535306736
Sun,189,16590.873861482512,1502.3033983440296
Sun,190,16765.812032692127,1526.2166208007036
Sun,191,16941.65032746042,1550.3813116356416
Sun,192,17118.388383949274,1574.7987610648058
Sun,193,17296.02583846933,1599.4702587825184
Sun,194,17474.56232548073,1624.3970939588055
Sun,195,17653.997477593886,1649.5805552367426
Sun,196,17834.33092557025,1675.0219307298003
Sun,197,18015.562298323086,1700.7225080191922
Sun,198,18197.69122291823,1726.6835741512234
Sun,199,18380.717324574896,1752.9064156346394
Sun,200,18564.640226666437,1779.392318437977
Sun,201,18749.459550721134,1806.1425679869158
Sun,202,18935.174916423002,1833.1584491616302
Sun,203,19121.78594161257,1860.441246294144
Sun,204,19309.292242287684,1887.9922431656848
Sun,205,19497.693432604316,1915.812723004039
Sun,206,19686.98912487736,1943.9039684809095
Sun,207,19877.178929581456,1972.267261709273
Sun,208,20068.262455351796,2000.903884240739
Sun,209,20260.239308984947,2029.8151170629098
Sun,210,20453.109095439668,2059.0022405967416
Sun,211,20646.871417837745,2088.4665346939064
Sun,212,20841.525877464814,2118.209278634155
Sun,213,21037.072073771204,2148.231751122681
Sun,214,21233.509604372764,2178.5352302874876
Sun,215,21430.838065051717,2209.120993676751
Sun,216,21629.057049757495,2239.99031825619
Sun,217,21828.1661506076,2271.1444804064345
Sun,218,22028.164957888454,2302.5847559203935
Sun,219,22229.05306005625,2334.3124200006273
Sun,220,22430.830043737813,2366.3287472567176
Sun,221,22633.495493731483,2398.6350117026423
Sun,222,22837.048993007968,2431.232486754147
Sun,223,23041.490122711213,2464.122445226122
Sun,224,23246.81846215929,2497.3061593299776
Sun,225,23453.033588845276,2530.7849006710203
Sun,226,23660.13507843812,2564.559940245833
Sun,227,23868.122504783558,2598.632548439653
Sun,228,24076.99543990498,2633.0039950237524
Sun,229,24286.753454004338,2667.675549152821
Sun,230,24497.396115463045,2702.648479362348
Sun,231,24708.92299084287,2737.9240535660065
Sun,232,24921.333644886858,2773.503539053038
Sun,233,25134.62764052022,2809.388202485639
Sun,234,25348.804538851262,2845.579309896348
Sun,235,25563.8638991723,2882.0781266854356
Sun,236,25779.80527896057,2918.8859176182914
Sun,237,25996.628233879175,2956.0039468228174
Sun,238,26214.33231777799,2993.433477786819
Sun,239,26432.9170826946,3031.1757733553977
Sun,240,26652.382078855244,3069.2320957283473
Sun,241,26872.726854675748,3107.603706457548
Sun,242,27093.950956762466,3146.291866444364
Sun,243,27316.05392991323,3185.297835937042
Sun,244,27539.035317118287,3224.6228745281082
Sun,245,27762.89465956128,3264.268241151773
Sun,246,27987.631496620175,3304.235194081329
Sun,247,28213.24536586824,3344.524990926557
Sun,248,28439.735803074997,3385.138888631128
Sun,249,28667.102342207203,3426.0781434700098
Sun,250,28895.34451542981,3467.3440110468746
Sun,251,29124.461853106943,3508.9377462915068
Sun,252,29354.45388380288,3550.8606034572113
Sun,253,29585.320134283025,3593.113836118226
Sun,254,29817.06012951491,3635.698697167134
Sun,255,30049.67339266917,3678.616438812275
Sun,256,30283.15944512054,3721.8683125751627
Sun,257,30517.51780644884,3765.4555692878985
Sun,258,30752.74799444,3809.379459090591
Sun,259,30988.849525087036,3853.641231428774
Sun,260,31225.821912591073,3898.242135050827
Sun,261,31463.66466936234,3943.1834180053966
Sun,262,31702.3773060212,3988.466327638819
Sun,263,31941.959331399157,4034.0921105925463
Sun,264,32182.410252539874,4080.0620128005694
Sun,265,32423.729574700203,4126.377279486848
Sun,266,32665.91680135121,4173.039155162739
Sun,267,32908.971434179206,4220.048883624423
Sun,268,33152.892973086775,4267.407707950341
Sun,269,33397.68091619382,4315.116870498626
Sun,270,33643.3347598386,4363.177612904534
Sun,271,33889.85399857879,4411.5911760778845
Sun,272,34137.23812519248,4460.358800200495
Sun,273,34385.486630679305,4509.481724723622
Sun,274,34634.599004261414,4558.9611883654015
Sun,275,34884.5747333846,4608.798429108288
Sun,276,35135.413303719324,4658.9946841965
Sun,277,35387.11419916178,4709.5511901334685
Sun,278,35639.67690183498,4760.469182679277
Sun,279,35893.100892089824,4811.749896848115
Sun,280,36147.385648506155,4863.394566905725
Sun,281,36402.53064789387,4915.404426366855
Sun,282,36658.53536529398,4967.780707992711
Sun,283,36915.3992739797,5020.524643788412
Sun,284,37173.12184545756,5073.6374650004445
Sun,285,37431.70254946844,5127.120402114124
Sun,286,37691.140853988756,5180.9746848510495
Sun,287,37951.436225231475,5235.201542166569
Sun,288,38212.588127647265,5289.802202247239
Sun,289,38474.5960239256,5344.777892508289
Sun,290,38737.45937499585,5400.129839591092
Sun,291,39001.177640028414,5455.859269360624
Sun,292,39265.750276435836,5511.9674069029425
Sun,293,39531.1767398739,5568.455476522649
Sun,294,39797.45648424281,5625.32470174037
Sun,295,40064.58896168825,5682.576305290225
Sun,296,40332.57362260258,5740.211509117305
Sun,297,40601.40991562591,5798.23153437515
Sun,298,40871.097287647295,5856.637601423232
Sun,299,41141.63518380584,5915.430929824432
Sun,300,41413.02304749186,5974.612738342524
Sun,301,41685.260320348025,6034.184244939662
Sun,302,41958.346442270515,6094.146666773866
Sun,303,42232.28085141018,6154.501220196509
Sun,304,42507.062984173695,6215.249120749811
Sun,305,42782.69227522472,6276.391583164325
Sun,306,43059.168157485066,6337.929821356439
Sun,307,43336.49006213589,6399.865048425863
Sun,308,43614.65741861883,6462.198476653135
Sun,309,43893.66965463721,6524.931317497115
Sun,310,44173.52619615722,6588.064781592488
Sun,311,44454.22646740908,6651.600078747266
Sun,312,44735.76989088825,6715.538417940296
Sun,313,45018.155887356625,6779.881007318766
Sun,314,45301.383875843705,6844.62905419571
Sun,315,45585.45327364781,6909.783765047523
Sun,316,45870.36349633728,6975.3463455114725
Sun,317,46156.1139577517,7041.318000383212
Sun,318,46442.704070003085,7107.6999336143
Sun,319,46730.13324347709,7174.493348309713
Sun,320,47018.40088683424,7241.699446725372
Sun,321,47307.50640701117,7309.319430265659
Sun,322,47597.4492092218,7377.354499480948
Sun,323,47888.228696958606,7445.805854065124
Sun,324,48179.84427199384,7514.674692853114
Sun,325,48472.29533438076,7583.962213818419
Sun,326,48765.58128245486,7653.669614070641
Sun,327,49059.70151283514,7723.798089853021
Sun,328,49354.655420425326,7794.348836539975
Sun,329,49650.44239841513,7865.323048634629
Sun,330,49947.0618382815,7936.721919766361
Sun,331,50244.513129789884,8008.54664268834
Sun,332,50542.795660995485,8080.798409275076
Sun,333,50841.90881824453,8153.478410519957
Sun,334,51141.85198617552,8226.587836532804
Sun,335,51442.62454772053,8300.127876537419
Sun,336,51744.225884106476,8374.099718869134
Sun,337,52046.655374856375,8448.50455097237
Sun,338,52349.91239779065,8523.343559398187
Sun,339,52653.99632902841,8598.617929801845
Sun,340,52958.90654298872,8674.328846940365
Sun,341,53264.64241239194,8750.477494670089
Sun,342,53571.20330826098,8827.065055944246
Sun,343,53878.58859992261,8904.092712810512
Sun,344,54186.797655008784,8981.561646408587
Sun,345,54495.82983945793,9059.473036967758
Sun,346,54805.684517516274,9137.828063804474
Sun,347,55116.361051739135,9216.627905319923
Sun,348,55427.858802992276,9295.873738997601
Sun,349,55740.1771304532,9375.566741400897
Sun,350,56053.315391612494,9455.708088170666
Sun,351,56367.27294227514,9536.298954022823
Sun,352,56682.04913656189,9617.340512745914
Sun,353,56997.64332691055,9698.833937198713
Sun,354,57314.054864077356,9780.780399307805
Sun,355,57631.283097138315,9863.181070065175
Sun,356,57949.32737349055,9946.037119525807
Sun,357,58268.18703885366,10029.349716805275
Sun,358,58587.86143727106,10113.120030077336
Sun,359,58908.34991111135,10197.349226571538
Sun,360,59229.65180106969,10282.038472570808
Earth,0,149597870700.0,0.0
Earth,1,149597717847.83533,214416000.0
Earth,2,149597259291.34122,428831592.30799806
Earth,3,149596495030.51746,643246369.2200127
Earth,4,149595425065.36423,857659923.0081128
Earth,5,149594049395.88278,1072071845.9084684
Earth,6,149592368022.07663,1286481730.10943
Earth,7,149590380943.95273,1500889167.739649
Earth,8,149588088161.5233,1715293750.856246
Earth,9,149585489674.80756,1929695071.4330387
Earth,10,149582585483.83417,2144092721.3488388
Earth,11,149579375588.64362,2358486292.375826
Earth,12,149575859989.29108,2572875376.168007
Earth,13,149572038685.84946,2787259564.2497735
Earth,14,149567911678.41275,3001638448.0045614
Earth,15,149563478967.09973,3216011618.6636243
Earth,16,149558740552.05777,3430378667.294925
Earth,17,149553696433.467,3644739184.7921596
Earth,18,149548346611.5448,3859092761.863911
Earth,19,149542691086.5503,4073438989.0229535
Earth,20,149536729858.78937,4287777456.575698
Earth,21,149530462928.61972,4502107754.611799
Earth,22,149523890296.4563,4716429472.993924
Earth,23,149517011962.77676,4930742201.347686
Earth,24,149509827928.12738,5145045529.051751
Earth,25,149502338193.12888,5359339045.228127
Earth,26,149494542758.4828,5573622338.732626
Earth,27,149486441624.97766,5787894998.145524
Earth,28,149478034793.49576,6002156611.762399
Earth,29,149469322265.01965,6216406767.585171
Earth,30,149460304040.63925,6430645053.313333
Earth,31,149450980121.55878,6644871056.335379
Earth,32,149441350509.1039,6859084363.720437
Earth,33,149431415204.72922,7073284562.210099
Earth,34,149421174210.02563,7287471238.210453
Earth,35,149410627526.728,7501643977.784323
Earth,36,149399775156.72275,7715802366.643706
Earth,37,149388617102.05588,7929945990.142422
Earth,38,149377153364.9407,8144074433.268952
Earth,39,149365383947.76602,8358187280.639496
Earth,40,149353308853.1041,8572284116.491216
Earth,41,149340928083.71896,8786364524.67569
Earth,42,149328241642.57462,9000428088.652555
Earth,43,149315249532.84335,9214474391.483353
Earth,44,149301951757.91418,9428503015.825562
Earth,45,149288348321.40128,9642513543.926826
Earth,46,149274439227.15244,9856505557.619362
Earth,47,149260224479.25763,10070478638.314558
Earth,48,149245704082.0576,10284432366.997753
Earth,49,149230878040.15237,10498366324.223183
Earth,50,149215746358.41013,10712280090.109108
Earth,51,149200309041.97556,10926173244.33311
Earth,52,149184566096.27875,11140045366.12755
Earth,53,149168517527.04385,11353896034.27518
Earth,54,149152163340.2977,11567724827.104925
Earth,55,149135503542.3786,11781531322.487797
Earth,56,149118538139.94507,11995315097.832973
Earth,57,149101267139.98453,12209075730.084007
Earth,58,149083690549.82205,12422812795.715168
Earth,59,149065808377.12915,12636525870.727928
Earth,60,149047620629.93237,12850214530.647568
Earth,61,149029127316.62222,13063878350.5199
Earth,62,149010328445.96176,13277516904.90812
Earth,63,148991224027.09543,13491129767.889763
Earth,64,148971814069.55774,13704716513.05377
Earth,65,148952098583.28198,13918276713.497658
Earth,66,148932077578.60904,14131809941.824793
Earth,67,148911751066.29608,14345315770.141748
Earth,68,148891119057.5253,14558793770.055769
Earth,69,148870181563.91272,14772243512.672308
Earth,70,148848938597.5169,14985664568.592657
Earth,71,148827390170.84772,15199056507.91165
Earth,72,148805536296.87512,15412418900.21545
Earth,73,148783376989.03802,15625751314.579407
Earth,74,148760912261.25302,15839053319.565979
Earth,75,148738142127.92328,16052324483.222742
Earth,76,148715066603.94742,16265564373.080444
Earth,77,148691685704.7284,16478772556.151134
Earth,78,148667999446.1824,16691948598.92636
Earth,79,148644007844.74792,16905092067.375412
Earth,80,148619710917.39468,17118202526.94365
Earth,81,148595108681.63278,17331279542.550865
Earth,82,148570201155.52173,17544322678.589725
Earth,83,148544988357.67972,17757331498.924267
Earth,84,148519470307.29282,17970305566.88845
Earth,85,148493647024.1243,18183244445.284782
Earth,86,148467518528.52402,18396147696.383
Earth,87,148441084841.43787,18609014881.91882
Earth,88,148414345984.41736,18821845563.09275
Earth,89,148387301979.62927,19034639300.568985
Earth,90,148359952849.86533,19247395654.474358
Earth,91,148332298618.5521,19460114184.39739
Earth,92,148304339309.76083,19672794449.387398
Earth,93,148276074948.21768,19885436007.953712
Earth,94,148247505559.31366,20098038418.06496
Earth,95,148218631169.11505,20310601237.14846
Earth,96,148189451804.37378,20523124022.089725
Earth,97,148159967492.53796,20735606329.232048
Earth,98,148130178261.76248,20948047714.376225
Earth,99,148100084140.91992,21160447732.780396
Earth,100,148069685159.61136,21372805939.159996
Earth,101,148038981348.17752,21585121887.687866
Earth,102,148007972737.71,21797395131.994503
Earth,103,147976659360.06256,22009625225.168446
Earth,104,147945041247.8627,22221811719.756844
Earth,105,147913118434.52332,22433954167.766197
Earth,106,147880890954.25446,22646052120.663258
Earth,107,147848358842.07535,22858105129.376144
Earth,108,147815522133.82648,23070112744.295643
Earth,109,147782380866.18185,23282074515.276733
Earth,110,147748935076.6614,23493989991.640324
Earth,111,147715184803.6436,23705858722.17523
Earth,112,147681130086.378,23917680255.140392
Earth,113,147646770964.9983,24129454138.267365
Earth,114,147612107480.53516,24341179918.763046
Earth,115,147577139674.92944,24552857143.31271
Earth,116,147541867591.0454,24764485358.083317
Earth,117,147506291272.68402,24976064108.727146
Earth,118,147470410764.59653,25187592940.385715
Earth,119,147434226112.49805,25399071397.694054
Earth,120,147397737363.08127,25610499024.785282
Earth,121,147360944564.0302,25821875365.295586
Earth,122,147323847764.03415,26033199962.369507
Earth,123,147286447012.80157,26244472358.66563
Earth,124,147248742361.07416,26455692096.36265
Earth,125,147210733860.64093,26666858717.165833
Earth,126,147172421564.35226,26877971762.313858
Earth,127,147133805526.1341,27089030772.586124
Earth,128,147094885801.0021,27300035288.310425
Earth,129,147055662445.07578,27510984849.371082
Earth,130,147016135515.59262,27721878995.217525
Earth,131,146976305070.9222,27932717264.873302
Earth,132,146936171170.5803,28143499196.945553
Earth,133,146895733875.24268,28354224329.634937
Earth,134,146854993246.75928,28564892200.746044
Earth,135,146813949348.16776,28775502347.698257
Earth,136,146772602243.70728,28986054307.537106
Earth,137,146730951998.83206,29196547616.946075
Earth,138,146688998680.22467,29406981812.258934
Earth,139,146646742355.80923,29617356429.4725
Earth,140,146604183094.76443,29827671004.259922
Earth,141,146561320967.53625,30037925071.984417
Earth,142,146518156045.85046,30248118167.71351
Earth,143,146474688402.72485,30458249826.233723
Earth,144,146430918112.4812,30668319582.065765
Earth,145,146386845250.75693,30878326969.480156
Earth,146,146342469894.51636,31088271522.513336
Earth,147,146297792122.06165,31298152774.98421
Earth,148,146252812013.04337,31507970260.51115
Earth,149,146207529648.4707,31717723512.52941
Earth,150,146161945110.72113,31927412064.308975
Earth,151,146116058483.54974,32137035448.97282
Earth,152,146069869852.09818,32346593199.515553
Earth,153,146023379302.9028,32556084848.82245
Earth,154,145976586923.9027,32765509929.688843
Earth,155,145929492804.44702,32974867974.83986
Earth,156,145882097035.30167,33184158516.950485
Earth,157,145834399708.65564,33393381088.66595
Earth,158,145786400918.12662,33602535222.622375
Earth,159,145738100758.76614,33811620451.467716
Earth,160,145689499327.06403,34020636307.882927
Earth,161,145640596720.95224,34229582324.603355
Earth,162,145591393039.8082,34438458034.440346
Earth,163,145541888384.45728,34647262970.302986
Earth,164,145492082857.17487,34855996665.220024
Earth,165,145441976561.6876,35064658652.36191
Earth,166,145391569603.17398,35273248465.062904
Earth,167,145340862088.26447,35481765636.84328
Earth,168,145289854125.0406,35690209701.43155
Earth,169,145238545823.03372,35898580192.78672
Earth,170,145186937293.22293,36106876645.1205
Earth,171,145135028648.03232,36315098592.919495
Earth,172,145082820001.32748,36523245570.967316
Earth,173,145030311468.41156,36731317114.3666
Earth,174,144977503166.02042,36939312758.56087
Earth,175,144924395212.31717,37147232039.35628
Earth,176,144870987726.8862,37355074492.94315
Earth,177,144817280830.72638,37562839655.91731
Earth,178,144763274646.24365,37770527065.30117
Earth,179,144708969297.24313,37978136258.56459
Earth,180,144654364908.92047,38185666773.64539
Earth,181,144599461607.85257,38393118148.96963
Earth,182,144544259521.98785,38600489923.47145
Earth,183,144488758780.6359,38807781636.61266
Earth,184,144432959514.4565,39014992828.40189
Earth,185,144376861855.4482,39222123039.41333
Earth,186,144320465936.93634,39429171810.80507
Earth,187,144263771893.56052,39636138684.33702
Earth,188,144206779861.26178,39843023202.38834
Earth,189,144149489977.26913,40049824907.9744
Earth,190,144091902380.08572,40256543344.76326
Earth,191,144034017209.4746,40463178057.09164
Earth,192,143975834606.44418,40669728589.9804
Earth,193,143917354713.23312,40876194489.149475
Earth,194,143858577673.29517,41082575301.03224
Earth,195,143799503631.28336,41288870572.78939
Earth,196,143740132733.03427,41495079852.322235
Earth,197,143680465125.55173,41701202688.28544
Earth,198,143620500956.99048,41907238630.09919
Earth,199,143560240376.6395,42113187227.96084
Earth,200,143499683534.9052,42319048032.8559
Earth,201,143438830583.29453,42524820596.56857
Earth,202,143377681674.39767,42730504471.6916
Earth,203,143316236961.87103,42936099211.635635
Earth,204,143254496600.41977,43141604370.638016
Earth,205,143192460745.78043,43347019503.77095
Earth,206,143130129554.70355,43552344166.94919
Earth,207,143067503184.9362,43757577916.93712
Earth,208,143004581795.20444,43962720311.35535
Earth,209,142941365545.19595,44167770908.6867
Earth,210,142877854595.5426,44372729268.28173
Earth,211,142814049107.80307,44577594950.36371
Earth,212,142749949244.44556,44782367516.03309
Earth,213,142685555168.83066,44987046527.27149
Earth,214,142620867045.19424,45191631546.9452
Earth,215,142555885038.6305,45396122138.80818
Earth,216,142490609315.0751,45600517867.504654
Earth,217,142425040041.28864,45804818298.571205
Earth,218,142359177384.83997,46009022998.43849
Earth,219,142293021514.0901,46213131534.432495
Earth,220,142226572598.17587,46417143474.7754
Earth,221,142159830806.9942,46621058388.58607
Earth,222,142092796311.18622,46824875845.88014
Earth,223,142025469282.12195,47028595417.56982
Earth,224,141957849891.88486,47232216675.46321
Earth,225,141889938313.25702,47435739192.26347
Earth,226,141821734719.70413,47639162541.56753
Earth,227,141753239285.3611,47842486297.864555
Earth,228,141684452185.01776,48045710036.534164
Earth,229,141615373594.10468,48248833333.84433
Earth,230,141546003688.67957,48451855766.94904
Earth,231,141476342645.41357,48654776913.885735
Earth,232,141406390641.57816,48857596353.572495
Earth,233,141336147855.03198,49060313665.80505
Earth,234,141265614464.2082,49262928431.253586
Earth,235,141194790648.1019,49465440231.45932
Earth,236,141123676586.258,49667848648.83099
Earth,237,141052272458.75916,49870153266.64113
Earth,238,140980578446.21402,50072353669.0222
Earth,239,140908594729.74585,50274449440.96262
Earth,240,140836321490.98117,50476440168.302666
Earth,241,140763758912.03888,50678325437.7302
Earth,242,140690907175.51938,50880104836.77642
Earth,243,140617766464.49414,51081777953.81141
Earth,244,140544336962.49536,51283344378.03965
Earth,245,140470618853.50586,51484803699.49548
Earth,246,140396612321.9493,51686155509.03845
Earth,247,140322317552.68048,51887399398.348656
Earth,248,140247734730.97586,52088534959.92201
Earth,249,140172864042.52432,52289561787.06547
Earth,250,140097705673.41812,52490479473.89224
Earth,251,140022259810.14398,52691287615.31695
Earth,252,139946526639.57446,52891985807.05078
Earth,253,139870506348.95926,53092573645.59663
Earth,254,139794199125.917,53293050728.24417
Earth,255,139717605158.4269,53493416653.06502
Earth,256,139640724634.82077,53693671018.90778
Earth,257,139563557743.775,53893813425.393196
Earth,258,139486104674.30276,54093843472.90918
Earth,259,139408365615.74643,54293760762.60596
Earth,260,139330340757.76987,54493564896.391136
Earth,261,139252030290.3511,54693255476.92482
Earth,262,139173434403.77496,54892832107.6147
Earth,263,139094553288.6257,55092294392.611176
Earth,264,139015387135.78,55291641936.802444
Earth,265,138935936136.3998,55490874345.80964
Earth,266,138856200481.9254,55689991225.981926
Earth,267,138776180364.0684,55888992184.39162
Earth,268,138695875974.8049,56087876828.82931
Earth,269,138615287506.36877,56286644767.79896
Earth,270,138534415151.24487,56485295610.51302
Earth,271,138453259102.16232,56683828966.887535
Earth,272,138371819552.08795,56882244447.5372
Earth,273,138290096694.21957,57080541663.77047
Earth,274,138208090721.97955,57278720227.58457
Earth,275,138125801829.00818,57476779751.66057
Earth,276,138043230209.15726,57674719849.35836
Earth,277,137960376056.48355,57872540134.71165
Earth,278,137877239565.2424,58070240222.422874
Earth,279,137793820929.8813,58267819727.85814
Earth,280,137710120345.0334,58465278267.042046
Earth,281,137626138005.51123,58662615456.65252
Earth,282,137541874106.3003,58859830914.01556
Earth,283,137457328842.5527,59056924257.09994
Earth,284,137372502409.5808,59253895104.51183
Earth,285,137287395002.85089,59450743075.489395
Earth,286,137202006817.9769,59647467789.89725
Earth,287,137116338050.71408,59844068868.22088
Earth,288,137030388896.95273,60040545931.56099
Earth,289,136944159552.71188,60236898601.62772
Earth,290,136857650214.13312,60433126500.73481
Earth,291,136770861077.47429,60629229251.7936
Earth,292,136683792339.10332,60825206478.30703
Earth,293,136596444195.49202,61021057804.36341
Earth,294,136508816843.20993,61216782854.63017
Earth,295,136420910478.91818,61412381254.347435
Earth,296,136332725299.3634,61607852629.3215
Earth,297,136244261501.37166,61803196605.91817
Earth,298,136155519281.84244,61998412811.05595
Earth,299,136066498837.74268,62193500872.19914
Earth,300,135977200366.10086,62388460417.35075
Earth,301,135887624064.00111,62583291075.04529
Earth,302,135797770128.57745,62777992474.34138
Earth,303,135707638757.00803,62972564244.81427
Earth,304,135617230146.50946,63167006016.54816
Earth,305,135526544494.33128,63361317420.12834
Earth,306,135435581997.75044,63555498086.63327
Earth,307,135344342854.06587,63749547647.62638
Earth,308,135252827260.59325,63943465735.14779
Earth,309,135161035414.65974,64137251981.70583
Earth,310,135068967513.599,64330906020.268425
Earth,311,134976623754.74612,64524427484.25426
Earth,312,134884004335.43294,64717816007.52386
Earth,313,134791109452.9832,64911071224.37043
Earth,314,134697939304.70815,65104192769.510605
Earth,315,134604494087.90205,65297180278.07496
Earth,316,134510773999.83804,65490033385.59842
Earth,317,134416779237.76399,65682751728.01048
Earth,318,134322509998.89868,65875334941.6253
Earth,319,134227966480.42809,66067782663.131584
Earth,320,134133148879.50185,66260094529.58241
Earth,321,134038057393.23003,66452270178.38482
Earth,322,133942692218.67995,66644309247.28929
Earth,323,133847053552.87337,66836211374.37912
Earth,324,133751141592.7838,67027976198.059616
Earth,325,133654956535.33406,67219603357.04719
Earth,326,133558498577.39413,67411092490.358315
Earth,327,133461767915.77916,67602443237.29841
Earth,328,133364764747.2478,67793655237.45054
Earth,329,133267489268.50076,67984728130.664085
Earth,330,133169941676.17963,68175661557.0433
Earth,331,133072122166.86597,68366455156.93574
Earth,332,132974030937.08069,68557108570.92068
Earth,333,132875668183.28369,68747621439.79741
Earth,334,132777034101.8738,68937993404.57352
Earth,335,132678128889.18896,69128224106.45306
Earth,336,132578952741.5068,69318313186.82474
Earth,337,132479505855.0454,69508260287.24998
Earth,338,132379788425.96437,69698065049.45114
Earth,339,132279800650.36635,69887727115.2995
Earth,340,132179542724.29866,70077246126.80338
Earth,341,132079014843.75531,70266621726.09624
Earth,342,131978217204.67938,70455853555.42477
Earth,343,131877150002.96559,70644941257.13707
Earth,344,131775813434.4633,70833884473.67073
Earth,345,131674207694.97974,71022682847.54114
Earth,346,131572332980.28352,71211336021.32973
Earth,347,131470189486.10861,71399843637.67233
Earth,348,131367777408.1584,71588205339.24759
Earth,349,131265096942.11023,71776420768.76547
Earth,350,131162148283.62015,71964489568.95593
Earth,351,131058931628.328,72152411382.55759
Earth,352,130955447171.86276,72340185852.3066
Earth,353,130851695109.84824,72527812620.92563
Earth,354,130747675637.90895,72715291331.11298
Earth,355,130643388951.6764,72902621625.53185
Earth,356,130538835246.79556,73089803146.79976
Earth,357,130434014718.93163,73276835537.47816
Earth,358,130328927563.77705,73463718440.06221
Earth,359,130223573977.05887,73650451496.9707
Earth,360,130117954154.54614,73837034350.53622
Moon,0,149982270700.0,0.0
Moon,1,149982047853.3892,221774400.0
Moon,2,149981379339.59595,443545670.8177312
Moon,3,149980265236.72556,665310684.3193946
Moon,4,149978705674.91248,887066314.4673207
Moon,5,149976700836.25876,1108809438.3660092
Moon,6,149974250954.7481,1330536937.3057475
Moon,7,149971356316.1355,1552245697.8030062
Moon,8,149968017257.81265,1773932612.6368246
Moon,9,149964234168.64957,1995594581.8804076
Moon,10,149960007488.8122,2217228513.9271636
Moon,11,149955337709.55685,2438831326.510435
Moon,12,149950225373.00128,2660399947.7161813
Moon,13,149944671071.87296,2881931316.987898
Moon,14,149938675449.23492,3103422386.1230726
Moon,15,149932239198.18964,3324870120.2605
Moon,16,149925363061.5611,3546271498.857799
Moon,17,149918047831.5559,3767623516.6585083
Moon,18,149910294349.40353,3988923184.648147
Moon,19,149902103504.9764,4210167530.998672
Moon,20,149893476236.39047,4431353602.000775
Moon,21,149884413529.58652,4652478462.983507
Moon,22,149874916417.89297,4873539199.220734
Moon,23,149864985981.57086,5094532916.823973
Moon,24,149854623347.34122,5315456743.621179
Moon,25,149843829687.89594,5536307830.021085
Moon,26,149832606221.39246,5757083349.862747
Moon,27,149820954210.9329,5977780501.249954
Moon,28,149808874964.02838,6198396507.370221
Moon,29,149796369832.04935,6418928617.298101
Moon,30,149783440209.66202,6639374106.782596
Moon,31,149770087534.25226,6859730279.018465
Moon,32,149756313285.337,7079994465.401298
Moon,33,149742118983.96436,7300164026.266198
Moon,34,149727506192.10245,7520236351.610018
Moon,35,149712476512.0183,7740208861.797064
Moon,36,149697031585.64688,7960079008.24827
Moon,37,149681173093.9511,8179844274.113824
Moon,38,149664902756.27365,8399502174.929303
Moon,39,149648222329.6807,8619050259.255379
Moon,40,149631133608.2986,8838486109.301182
Moon,41,149613638422.64392,9057807341.531467
Moon,42,149595738638.9473,9277011607.25772
Moon,43,149577436158.47183,9496096593.213375
Moon,44,149558732916.82642,9715060022.113361
Moon,45,149539630883.27457,9933899653.198198
Moon,46,149520132060.0391,10152613282.762877
Moon,47,149500238481.60324,10371198744.670805
Moon,48,149479952214.00867,10589653910.853096
Moon,49,149459275354.15057,10807976691.793509
Moon,50,149438210029.0705,11026165036.999344
Moon,51,149416758395.247,11244216935.458662
Moon,52,149394922637.88464,11462130416.084127
Moon,53,149372704970.20154,11679903548.14387
Moon,54,149350107632.71576,11897534441.679707
Moon,55,149327132892.53076,12115021247.913126
Moon,56,149303783042.62012,12332362159.63938
Moon,57,149280060401.11172,12549555411.6101
Moon,58,149255967310.57166,12766599280.904812
Moon,59,149231506137.28766,12983492087.291739
Moon,60,149206679270.5526,13200232193.578287
Moon,61,149181489121.9477,13416818005.951601
Moon,62,149155938124.62576,13633247974.309559
Moon,63,149130028732.59436,13849520592.582613
Moon,64,149103763419.9989,14065634399.046822
Moon,65,149077144680.40558,14281587976.628452
Moon,66,149050175026.08408,14497379953.200497
Moon,67,149022856987.29007,14713009001.871452
Moon,68,148995193111.5472,14928473841.26669
Moon,69,148967185962.92847,15143773235.802727
Moon,70,148938838121.33682,15358905995.954706
Moon,71,148910152181.785,15573870978.517353
Moon,72,148881130753.6738,15788667086.85968
Moon,73,148851776460.0692,16003293271.17369
Moon,74,148822091936.97775,16217748528.717283
Moon,75,148792079832.61975,16432031904.051573
Moon,76,148761742806.7003,16646142489.2728
Moon,77,148731083529.6777,16860079424.238968
Moon,78,148700104682.02896,17073841896.79135
Moon,79,148668808953.51166,17287429142.97095
Moon,80,148637199042.42255,17500840447.230003
Moon,81,148605277654.85178,17714075142.638523
Moon,82,148573047503.93277,17927132611.085953
Moon,83,148540511309.08725,18140012283.47786
Moon,84,148507671795.2649,18352713639.927643
Moon,85,148474531692.17746,18565236209.94316
Moon,86,148441093733.52667,18777579572.60818
Moon,87,148407360656.22568,18989743356.758465
Moon,88,148373335199.61356,19201727241.152336
Moon,89,148339020104.66238,19413530954.6355
Moon,90,148304418113.17667,19625154276.299873
Moon,91,148269531966.98447,19836597035.6361
Moon,92,148234364407.12003,20047859112.67948
Moon,93,148198918172.99734,20258940438.14891
Moon,94,148163196001.57446,20469840993.578453
Moon,95,148127200626.50803,20680560811.441124
Moon,96,148090934777.2976,20891099975.264397
Moon,97,148054401178.41983,21101458619.736958
Moon,98,148017602548.4516,21311636930.80614
Moon,99,147980541599.18234,21521635145.765522
Moon,100,147943221034.71497,21731453553.331997
Moon,101,147905643550.5552,21941092493.7118
Moon,102,147867811832.68924,22150552358.654697
Moon,103,147829728556.64935,22359833591.495747
Moon,104,147791396386.56754,22568936687.183815
Moon,105,147752817974.21674,22777862192.29617
Moon,106,147713995958.0399,22986610705.03829
Moon,107,147674932962.16656,23195182875.228134
Moon,108,147635631595.41733,23403579404.264027
Moon,109,147596094450.29562,23611801045.075268
Moon,110,147556324101.96768,23819848602.054638
Moon,111,147516323107.23007,24027722930.971867
Moon,112,147476094003.46558,24235424938.867165
Moon,113,147435639307.58728,24442955583.923893
Moon,114,147394961514.97125,24650315875.319435
Moon,115,147354063098.3783,24857506873.053314
Moon,116,147312946506.86502,25064529687.751614
Moon,117,147271614164.6847,25271385480.44674
Moon,118,147230068470.17844,25478075462.331573
Moon,119,147188311794.6574,25684600894.48707
Moon,120,147146346481.27643,25890963087.58232
Moon,121,147104174843.89993,26097163401.546223
Moon,122,147061799165.96082,26303203245.209724
Moon,123,147019221699.31323,26509084075.917847
Moon,124,146976444663.08,26714807399.11053
Moon,125,146933470242.4956,26920374767.871494
Moon,126,146890300587.7461,27125787782.444225
Moon,127,146846937812.80643,27331048089.71437
Moon,128,146803383994.2768,27536157382.657707
Moon,129,146759641170.21896,27741117399.753014
Moon,130,146715711338.99402,27945929924.359158
Moon,131,146671596458.1025,28150596784.05577
Moon,132,146627298443.02872,28355119849.946953
Moon,133,146582819166.09018,28559501035.927467
Moon,134,146538160455.29413,28763742297.911015
Moon,135,146493324093.20224,28967845633.02015
Moon,136,146448311815.8053,29171813078.737576
Moon,137,146403125311.40933,29375646712.018505
Moon,138,146357766219.53494,29579348648.363983
Moon,139,146312236129.83136,29782921040.85504
Moon,140,146266536581.00708,29986366079.147667
Moon,141,146220669059.7787,30189685988.428703
Moon,142,146174634999.83966,30392883028.3328
Moon,143,146128435780.85095,30595959491.82071
Moon,144,146082072727.45508,30798917704.01921
Moon,145,146035547108.3155,31001760021.023197
Moon,146,145988860135.18298,31204488828.66037
Moon,147,145942012961.99112,31407106541.21922
Moon,148,145895006683.98203,31609615600.141018
Moon,149,145847842336.86487,31812018472.67665
Moon,150,145800520896.0081,32014317650.509186
Moon,151,145753043275.6677,32216515648.34326
Moon,152,145705410328.25287,32418615002.462353
Moon,153,145657622843.63077,32620618269.255157
Moon,154,145609681548.47174,32822528023.71244
Moon,155,145561587105.63702,33024346857.895668
Moon,156,145513340113.60977,33226077379.379
Moon,157,145464941105.97134,33427722209.66617
Moon,158,145416390550.92374,33629283982.58391
Moon,159,145367688850.8598,33830765342.653736
Moon,160,145318836341.98212,34032168943.443768
Moon,161,145269833293.97168,34233497445.902634
Moon,162,145220679909.7075,34434753516.67729
Moon,163,145171376325.0379,34635939826.41685
Moon,164,145121922608.60434,34837059048.06439
Moon,165,145072318761.71844,35038113855.13906
Moon,166,145022564718.29276,35239106920.01034
Moon,167,144972660344.82587,35440040912.16696
Moon,168,144922605440.44217,35640918496.48256
Moon,169,144872399736.98633,35841742331.48028
Moon,170,144822042899.17294,36042515067.59873
Moon,171,144771534524.79108,36243239345.4615
Moon,172,144720874144.96378,36443917794.15246
Moon,173,144670061224.46225,36644553029.499245
Moon,174,144619095162.07434,36845147652.367134
Moon,175,144567975291.02692,37045704246.96551
Moon,176,144516700879.46164,37246225379.169235
Moon,177,144465271130.96313,37446713594.85706
Moon,178,144413685185.13922,37647171418.269226
Moon,179,144361942118.25186,37847601350.38633
Moon,180,144310040943.8981,38048005867.3316
Moon,181,144257980613.73978,38248387418.798454
Moon,182,144205760018.28064,38448748426.505356
Moon,183,144153377987.68994,38649091282.67973
Moon,184,144100833292.6707,38849418348.57282
Moon,185,144048124645.37134,39049731953.00709
Moon,186,143995250700.3393,39250034390.95782
Moon,187,143942210055.51453,39450327922.17046
Moon,188,143889001253.2617,39650614769.81509
Moon,189,143835622781.43896,39850897119.17929
Moon,190,143782073074.50177,40051177116.40085
Moon,191,143728350514.63943,40251456867.24115
Moon,192,143674453432.94315,40451738435.900505
Moon,193,143620380110.60287,40652023843.876205
Moon,194,143566128780.13165,40852315068.864174
Moon,195,143511697626.61508,41052614043.704865
Moon,196,143457084788.98386,41252922655.37409
Moon,197,143402288361.30777,41453242744.019165
Moon,198,143347306394.10867,41653576102.040794
Moon,199,143292136895.69067,41853924473.22104
Moon,200,143236777833.48547,42054289551.897415
Moon,201,143181227135.41095,42254672982.18328
Moon,202,143125482691.2409,42455076357.23446
Moon,203,143069542353.98398,42655501218.56198
Moon,204,143013403941.2701,42855949055.39069
Moon,205,142957065236.74237,43056421304.06346
Moon,206,142900523991.45245,43256919347.490524
Moon,207,142843777925.25818,43457444514.64357
Moon,208,142786824728.221,43657998080.09393
Moon,209,142729662062.00208,43858581263.59425
Moon,210,142672287561.25513,44059195229.70294
Moon,211,142614698835.0148,44259841087.45063
Moon,212,142556893468.0786,44460519890.047775
Moon,213,142498869022.38138,44661232634.63253
Moon,214,142440623038.3607,44861980262.0579
Moon,215,142382153036.31213,45062763656.71721
Moon,216,142323456517.73303,45263583646.40682
Moon,217,142264530966.65344,45464441002.22502
Moon,218,142205373850.9537,45665336438.50596
Moon,219,142145982623.66708,45866270612.78747
Moon,220,142086354724.2669,46067244125.81164
Moon,221,142026487579.93726,46268257521.55686
Moon,222,141966378606.8263,46469311287.30027
Moon,223,141906025211.2819,46670405853.70916
Moon,224,141845424791.06848,46871541594.960365
Moon,225,141784574736.56485,47072718828.88619
Moon,226,141723472431.94238,47273937817.14573
Moon,227,141662115256.32333,47475198765.42035
Moon,228,141600500584.9185,47676501823.63207
Moon,229,141538625790.1445,47877847086.183685
Moon,230,141476488242.72006,48079234592.21931
Moon,231,141414085312.7413,48280664325.90433
Moon,232,141351414370.73587,48482136216.72346
Moon,233,141288472788.6959,48683650139.795784
Moon,234,141225257941.08984,48885205916.205765
Moon,235,141161767205.85333,49086803313.34894
Moon,236,141097997965.35883,49288442045.29146
Moon,237,141033947607.3647,49490121773.14228
Moon,238,140969613525.9435,49691842105.43707
Moon,239,140904993122.39026,49893602598.532875
Moon,240,140840083806.1102,50095402757.0126
Moon,241,140774882995.48727,50297242034.09844
Moon,242,140709388118.733,50499119832.07336
Moon,243,140643596614.71655,50701035502.70988
Moon,244,140577505933.7762,50902988347.70537
Moon,245,140511113538.51273,51104977619.12307
Moon,246,140444416904.5652,51307002519.83825
Moon,247,140377413521.36975,51509062203.98877
Moon,248,140310100892.90176,51711155777.4295
Moon,249,140242476538.40186,51913282298.18997
Moon,250,140174537993.0866,52115440776.93487
Moon,251,140106282808.84412,52317630177.42667
Moon,252,140037708554.91544,52519849416.99021
Moon,253,139968812818.56204,52722097366.9787
Moon,254,139899593205.72012,52924372853.240746
Moon,255,139830047341.64243,53126674656.588234
Moon,256,139760172871.52777,53329001513.26466
Moon,257,139689967461.1395,53531352115.41377
Moon,258,139619428797.41275,53733725111.54823
Moon,259,139548554589.0516,53936119107.01826
Moon,260,139477342567.11658,54138532664.479996
Moon,261,139405790485.60287,54340964304.36367
Moon,262,139333896122.0101,54543412505.341354
Moon,263,139261657277.904,54745875704.7944
Moon,264,139189071779.47055,54948352299.280556
Moon,265,139116137478.06335,55150840645.00076
Moon,266,139042852250.74417,55353339058.26582
Moon,267,138969214000.8178,55555845815.962906
Moon,268,138895220658.36124,55758359156.02217
Moon,269,138820870180.74783,55960877277.883575
Moon,270,138746160553.1668,56163398342.9641
Moon,271,138671089789.13852,56365920475.12568
Moon,272,138595655931.02582,56568441761.143875
Moon,273,138519857050.54208,56770960251.17786
Moon,274,138443691249.25583,56973473959.24169
Moon,275,138367156659.0928,57175980863.677414
Moon,276,138290251442.8352,57378478907.630165
Moon,277,138212973794.6189,57580965999.52571
Moon,278,138135321940.42834,57783440013.550735
Moon,279,138057294138.5898,57985898790.13624
Moon,280,137978888680.26285,58188340136.44445
Moon,281,137900103889.93027,58390761826.85965
Moon,282,137820938125.88675,58593161603.483284
Moon,283,137741389780.72604,58795537176.63378
Moon,284,137661457281.82697,58997886225.35151
Moon,285,137581139091.8382,59200206397.90928
Moon,286,137500433709.16187,59402495312.328804
Moon,287,137419339668.43587,59604750556.90361
Moon,288,137337855541.01482,59806969690.72869
Moon,289,137255979935.4497,60009150244.237495
Moon,290,137173711497.96605,60211289719.74654
Moon,291,137091048912.94026,60413385592.00812
Moon,292,137007990903.3743,60615435308.77156
Moon,293,136924536231.36826,60817436291.353325
Moon,294,136840683698.59058,61019385935.216484
Moon,295,136756432146.74588,61221281610.55982
Moon,296,136671780458.03981,61423120662.91707
Moon,297,136586727555.6408,61624900413.76651
Moon,298,136501272404.13826,61826618161.15139
Moon,299,136415414009.99707,62028271180.311424
Moon,300,136329151422.00754,62229856724.325714
Moon,301,136242483731.73085,62431372024.767365
Moon,302,136155410073.9393,62632814292.3701
Moon,303,136067929627.05096,62834180717.70708
Moon,304,135980041613.55818,63035468471.88219
Moon,305,135891745300.4495,63236674707.23397
Moon,306,135803039999.62442,63437796558.05244
Moon,307,135713925068.30057,63638831141.30878
Moon,308,135624399909.4124,63839775557.39828
Moon,309,135534463972.00128,64040626890.89637
Moon,310,135444116751.59605,64241382211.327965
Moon,311,135353357790.58354,64442038573.950096
Moon,312,135262186678.56845,64642593020.54787
Moon,313,135170603052.722,64843042580.243645
Moon,314,135078606598.11864,65043384270.31949
Moon,315,134986197048.0602,65243615097.05268
Moon,316,134893374184.38692,65443732056.564224
Moon,317,134800137837.77461,65643732135.68018
Moon,318,134706487888.01736,65843612312.805626
Moon,319,134612424264.29515,66043369558.81094
Moon,320,134517946945.42567,66243000837.93032
Moon,321,134423055960.09987,66442503108.67196
Moon,322,134327751387.10037,66641873324.73982
Moon,323,134232033355.5024,66841108435.96648
Moon,324,134135902044.85641,67040205389.256584
Moon,325,134039357685.352,67239161129.540695
Moon,326,133942400557.96233,67437972600.738815
Moon,327,133845030994.56866,67636636746.73321
Moon,328,133747249378.06451,67835150512.349976
Moon,329,133649056142.43867,68033510844.34877
Moon,330,133550451772.83688,68231714692.42012
Moon,331,133451436805.60143,68429759010.18965
Moon,332,133352011828.28844,68627640756.22863
Moon,333,133252177479.66237,68825356895.0701
Moon,334,133151934449.66725,69022904398.22992
Moon,335,133051283479.37442,69220280245.232
Moon,336,132950225360.90636,69417481424.63693
Moon,337,132848760937.33636,69614504935.07335
Moon,338,132746891102.56387,69811347786.27107
Moon,339,132644616801.16504,70008007000.09538
Moon,340,132541939028.21857,70204479611.58156
Moon,341,132438858829.10658,70400762669.9688
Moon,342,132335377299.29036,70596853239.73277
Moon,343,132231495584.06099,70792748401.61594
Moon,344,132127214878.26483,70988445253.65466
Moon,345,132022536426.00381,71183940912.20251
Moon,346,131917461520.31061,71379232512.94862
Moon,347,131811991502.7988,71574317211.93042
Moon,348,131706127763.28816,71769192186.53989
Moon,349,131599871739.4052,71963854636.52235
Moon,350,131493224916.15916,72158301784.96718
Moon,351,131386188825.49385,72352530879.28932
Moon,352,131278765045.8153,72546539192.20108
Moon,353,131170955201.49602,72740324022.6732
Moon,354,131062760962.35565,72933882696.88452
Moon,355,130954184043.119,73127212569.15941
Moon,356,130845226202.8514,73320311022.8922
Moon,357,130735889244.37209,73513175471.458
Moon,358,130626175013.64615,73705803359.10905
Moon,359,130516085399.15538,73898192161.85614
Moon,360,130405622331.2487,74090339388.33408
