time_days,radial_velocity_m_s,uncertainty_m_s
22.54,26.29,10.0
37.66,31.88,10.0
50.86,37.22,10.0
63.60,41.41,10.0
71.23,32.26,10.0
106.95,41.00,10.0
133.63,32.72,10.0
152.75,35.15,10.0
170.81,13.53,10.0
170.84,-7.56,10.0
186.72,-0.28,10.0
199.10,-17.83,10.0
200.83,-22.17,10.0
202.42,-10.58,10.0
218.64,-18.73,10.0
232.51,-28.52,10.0
283.36,-57.74,10.0
318.90,-38.87,10.0
319.90,-31.86,10.0
333.15,-16.48,10.0
333.55,-30.72,10.0
341.32,-21.86,10.0
401.17,17.90,10.0
410.12,22.91,10.0
472.98,56.14,10.0
481.97,58.86,10.0
499.40,36.31,10.0
542.22,14.89,10.0
563.09,-9.32,10.0
569.47,-24.60,10.0
574.61,-18.58,10.0
598.65,-22.95,10.0
648.69,-49.69,10.0
655.53,-32.39,10.0
658.22,-73.54,10.0
665.26,-36.84,10.0
669.98,-42.28,10.0
725.46,-7.32,10.0
749.24,16.75,10.0
775.34,14.98,10.0
801.53,44.79,10.0
859.77,43.29,10.0
885.20,37.89,10.0
911.52,-3.81,10.0
948.46,-36.64,10.0
995.71,-54.45,10.0
1039.03,-32.25,10.0
1041.03,-37.13,10.0
1057.37,-35.96,10.0
1062.05,-22.26,10.0
